{"cameraMode":{"drawMode":0,"name":"Shaded","section":"Shading Mode"},"sceneLighting":false,"audioPlay":false,"sceneViewState":{"m_AlwaysRefresh":false,"showFog":true,"showSkybox":false,"showFlares":true,"showImageEffects":true,"showParticleSystems":true,"showVisualEffectGraphs":true,"m_FxEnabled":true},"in2DMode":false,"pivot":{"x":219.38502502441407,"y":10.243278503417969,"z":273.193603515625},"rotation":{"x":0.0029942914843559267,"y":0.05845940113067627,"z":0.0001741615415085107,"w":-0.998275876045227},"size":17.681991577148439,"orthographic":true}